{"data":{"Year":[2019,2020,2021],"Value":[0.35242,0.37454,0.37362]},"edges":[]}